{"cameraMode":{"drawMode":0,"name":"Shaded","section":"Shading Mode"},"sceneLighting":true,"audioPlay":false,"sceneViewState":{"showFog":true,"showMaterialUpdate":false,"showSkybox":false,"showFlares":true,"showImageEffects":true,"showParticleSystems":true},"in2DMode":false,"pivot":{"x":18.859434127807618,"y":-8.021648406982422,"z":41.552371978759769},"rotation":{"x":0.2335183024406433,"y":0.31340306997299197,"z":-0.07976377010345459,"w":0.9171374440193176},"size":38.87130355834961,"orthographic":false}