{"cameraMode":{"drawMode":0,"name":"Shaded","section":"Shading Mode"},"sceneLighting":false,"audioPlay":false,"sceneViewState":{"showFog":true,"showMaterialUpdate":false,"showSkybox":false,"showFlares":true,"showImageEffects":true,"showParticleSystems":true},"in2DMode":false,"pivot":{"x":0.4622246026992798,"y":-0.1606811285018921,"z":-0.7699915170669556},"rotation":{"x":0.057902492582798007,"y":0.897321343421936,"z":-0.12349317222833634,"w":0.41999244689941409},"size":1.5234570503234864,"orthographic":false}