{"cameraMode":{"drawMode":0,"name":"Shaded","section":"Shading Mode"},"sceneLighting":false,"audioPlay":false,"sceneViewState":{"showFog":true,"showMaterialUpdate":false,"showSkybox":false,"showFlares":true,"showImageEffects":true,"showParticleSystems":true},"in2DMode":false,"pivot":{"x":-19.51111602783203,"y":3.088550567626953,"z":12.166421890258789},"rotation":{"x":0.2303689569234848,"y":0.39777323603630068,"z":-0.10352340340614319,"w":0.8820968866348267},"size":17.35472297668457,"orthographic":false}