{"cameraMode":{"drawMode":0,"name":"Shaded","section":"Shading Mode"},"sceneLighting":false,"audioPlay":false,"sceneViewState":{"showFog":true,"showMaterialUpdate":false,"showSkybox":false,"showFlares":true,"showImageEffects":true,"showParticleSystems":true},"in2DMode":false,"pivot":{"x":-2.3307557106018068,"y":0.15807723999023438,"z":9.682456016540528},"rotation":{"x":0.2303689569234848,"y":0.39777323603630068,"z":-0.10352340340614319,"w":0.8820968866348267},"size":10.269094467163086,"orthographic":false}