{"cameraMode":{"drawMode":0,"name":"Shaded","section":"Shading Mode"},"sceneLighting":false,"audioPlay":false,"sceneViewState":{"showFog":true,"showMaterialUpdate":false,"showSkybox":false,"showFlares":true,"showImageEffects":true,"showParticleSystems":true},"in2DMode":false,"pivot":{"x":3.7246766090393068,"y":8.8100004196167,"z":-18.182947158813478},"rotation":{"x":0.2303689569234848,"y":0.39777323603630068,"z":-0.10352340340614319,"w":0.8820968866348267},"size":8.175280570983887,"orthographic":false}