{"cameraMode":{"drawMode":0,"name":"Shaded","section":"Shading Mode"},"sceneLighting":false,"audioPlay":false,"sceneViewState":{"showFog":true,"showMaterialUpdate":false,"showSkybox":false,"showFlares":true,"showImageEffects":true,"showParticleSystems":true},"in2DMode":false,"pivot":{"x":16.930519104003908,"y":0.0221712589263916,"z":-28.845394134521486},"rotation":{"x":-0.3406137228012085,"y":0.10406576097011566,"z":-0.03816423565149307,"w":-0.9337320923805237},"size":1.4148316383361817,"orthographic":false}