{"cameraMode":{"drawMode":0,"name":"Shaded","section":"Shading Mode"},"sceneLighting":true,"audioPlay":false,"sceneViewState":{"showFog":true,"showMaterialUpdate":false,"showSkybox":false,"showFlares":true,"showImageEffects":true,"showParticleSystems":true},"in2DMode":false,"pivot":{"x":4.158166885375977,"y":0.3498520851135254,"z":0.709293007850647},"rotation":{"x":-0.1450032889842987,"y":-0.5609076023101807,"z":0.10043688863515854,"w":-0.8089147806167603},"size":4.191144943237305,"orthographic":false}