{"cameraMode":{"drawMode":0,"name":"Shaded","section":"Shading Mode"},"sceneLighting":false,"audioPlay":false,"sceneViewState":{"showFog":true,"showMaterialUpdate":false,"showSkybox":false,"showFlares":true,"showImageEffects":true,"showParticleSystems":true},"in2DMode":false,"pivot":{"x":1.3225958347320557,"y":0.8154347538948059,"z":-0.34677696228027346},"rotation":{"x":-0.0025550590362399818,"y":-0.9776870012283325,"z":0.2102368026971817,"w":-0.012151066213846207},"size":1.1570146083831788,"orthographic":false}