{"cameraMode":{"drawMode":0,"name":"Shaded","section":"Shading Mode"},"sceneLighting":true,"audioPlay":false,"sceneViewState":{"showFog":true,"showMaterialUpdate":false,"showSkybox":false,"showFlares":true,"showImageEffects":true,"showParticleSystems":true},"in2DMode":false,"pivot":{"x":-0.6551237106323242,"y":-0.08230924606323242,"z":-1.0017709732055665},"rotation":{"x":-0.2982461750507355,"y":0.42518913745880129,"z":-0.15096163749694825,"w":-0.8412066102027893},"size":4.162158966064453,"orthographic":false}