{"cameraMode":{"drawMode":0,"name":"Shaded","section":"Shading Mode"},"sceneLighting":false,"audioPlay":false,"sceneViewState":{"showFog":true,"showMaterialUpdate":false,"showSkybox":false,"showFlares":true,"showImageEffects":true,"showParticleSystems":true},"in2DMode":false,"pivot":{"x":13.3944673538208,"y":0.936032772064209,"z":0.5532677173614502},"rotation":{"x":0.09650187194347382,"y":0.6499999761581421,"z":-0.08328462392091751,"w":0.749236524105072},"size":11.275334358215332,"orthographic":false}