{"cameraMode":{"drawMode":0,"name":"Shaded","section":"Shading Mode"},"sceneLighting":false,"audioPlay":false,"sceneViewState":{"showFog":true,"showMaterialUpdate":false,"showSkybox":false,"showFlares":true,"showImageEffects":true,"showParticleSystems":true},"in2DMode":false,"pivot":{"x":0.35826319456100466,"y":-0.10437935590744019,"z":-0.8253307938575745},"rotation":{"x":0.0624370314180851,"y":0.9371683597564697,"z":-0.26113277673721316,"w":0.22306238114833833},"size":1.1927247047424317,"orthographic":false}