{"cameraMode":{"drawMode":0,"name":"Shaded","section":"Shading Mode"},"sceneLighting":false,"audioPlay":false,"sceneViewState":{"showFog":true,"showMaterialUpdate":false,"showSkybox":false,"showFlares":true,"showImageEffects":true,"showParticleSystems":true},"in2DMode":false,"pivot":{"x":-3.725290298461914e-9,"y":0.04951661825180054,"z":0.10013261437416077},"rotation":{"x":0.1403956413269043,"y":0.7975765466690064,"z":-0.20291714370250703,"w":0.5505578517913818},"size":0.30638113617897036,"orthographic":false}