{"cameraMode":{"drawMode":0,"name":"Shaded","section":"Shading Mode"},"sceneLighting":true,"audioPlay":false,"sceneViewState":{"showFog":true,"showMaterialUpdate":false,"showSkybox":true,"showFlares":true,"showImageEffects":true,"showParticleSystems":true},"in2DMode":false,"pivot":{"x":-53.828975677490237,"y":7.069880485534668,"z":75.37509155273438},"rotation":{"x":0.3352431654930115,"y":-0.5444170832633972,"z":0.2513517141342163,"w":0.7267926335334778},"size":6.486152648925781,"orthographic":false}