{"cameraMode":{"drawMode":0,"name":"Shaded","section":"Shading Mode"},"sceneLighting":false,"audioPlay":false,"sceneViewState":{"showFog":true,"showMaterialUpdate":false,"showSkybox":false,"showFlares":true,"showImageEffects":true,"showParticleSystems":true},"in2DMode":false,"pivot":{"x":-26.764402389526368,"y":1.5109812021255494,"z":12.444549560546875},"rotation":{"x":0.2303689569234848,"y":0.39777323603630068,"z":-0.10352340340614319,"w":0.8820968866348267},"size":1.206287145614624,"orthographic":false}