{"cameraMode":{"drawMode":0,"name":"Shaded","section":"Shading Mode"},"sceneLighting":false,"audioPlay":false,"sceneViewState":{"showFog":true,"showMaterialUpdate":false,"showSkybox":false,"showFlares":true,"showImageEffects":true,"showParticleSystems":true},"in2DMode":false,"pivot":{"x":-1.054999828338623,"y":5.0,"z":11.789999961853028},"rotation":{"x":0.18271110951900483,"y":0.6432503461837769,"z":-0.16147907078266145,"w":0.7258607149124146},"size":15.175055503845215,"orthographic":false}