{"cameraMode":{"drawMode":0,"name":"Shaded","section":"Shading Mode"},"sceneLighting":false,"audioPlay":false,"sceneViewState":{"showFog":true,"showMaterialUpdate":false,"showSkybox":false,"showFlares":true,"showImageEffects":true,"showParticleSystems":true},"in2DMode":false,"pivot":{"x":0.39406394958496096,"y":1.1493908166885377,"z":4.561507701873779},"rotation":{"x":0.2303689569234848,"y":0.39777323603630068,"z":-0.10352340340614319,"w":0.8820968866348267},"size":1.8861780166625977,"orthographic":false}