{"cameraMode":{"drawMode":0,"name":"Shaded","section":"Shading Mode"},"sceneLighting":false,"audioPlay":false,"sceneViewState":{"showFog":true,"showMaterialUpdate":false,"showSkybox":false,"showFlares":true,"showImageEffects":true,"showParticleSystems":true},"in2DMode":false,"pivot":{"x":0.3000791072845459,"y":-0.24759292602539063,"z":0.1806480884552002},"rotation":{"x":-0.2561885714530945,"y":-0.3879832327365875,"z":0.11309056729078293,"w":-0.878193736076355},"size":2.808549404144287,"orthographic":false}