{"cameraMode":{"drawMode":0,"name":"Shaded","section":"Shading Mode"},"sceneLighting":false,"audioPlay":false,"sceneViewState":{"showFog":true,"showMaterialUpdate":false,"showSkybox":false,"showFlares":true,"showImageEffects":true,"showParticleSystems":true},"in2DMode":false,"pivot":{"x":1.6209888458251954,"y":1.067283272743225,"z":1.7160054445266724},"rotation":{"x":0.2846309542655945,"y":0.7152560949325562,"z":-0.4437694549560547,"w":0.4587589502334595},"size":0.6360021829605103,"orthographic":false}