{"cameraMode":{"drawMode":0,"name":"Shaded","section":"Shading Mode"},"sceneLighting":false,"audioPlay":false,"sceneViewState":{"showFog":true,"showMaterialUpdate":false,"showSkybox":false,"showFlares":true,"showImageEffects":true,"showParticleSystems":true},"in2DMode":false,"pivot":{"x":-14.8100004196167,"y":14.15999984741211,"z":9.640000343322754},"rotation":{"x":-0.3262292742729187,"y":-0.41274091601371767,"z":0.16100230813026429,"w":-0.8351389169692993},"size":14.757073402404786,"orthographic":false}