{"cameraMode":{"drawMode":0,"name":"Shaded","section":"Shading Mode"},"sceneLighting":false,"audioPlay":false,"sceneViewState":{"showFog":true,"showMaterialUpdate":false,"showSkybox":false,"showFlares":true,"showImageEffects":true,"showParticleSystems":true},"in2DMode":false,"pivot":{"x":1.2852602005004883,"y":-0.07976645231246948,"z":0.6683424711227417},"rotation":{"x":0.09213033318519592,"y":0.6581842303276062,"z":-0.08150235563516617,"w":0.742863118648529},"size":1.219188928604126,"orthographic":false}