{"cameraMode":{"drawMode":0,"name":"Shaded","section":"Shading Mode"},"sceneLighting":false,"audioPlay":false,"sceneViewState":{"showFog":true,"showMaterialUpdate":false,"showSkybox":false,"showFlares":true,"showImageEffects":true,"showParticleSystems":true},"in2DMode":false,"pivot":{"x":0.7176724672317505,"y":-0.01202237606048584,"z":-0.8413839340209961},"rotation":{"x":0.08656864613294602,"y":0.64766526222229,"z":-0.07428137212991715,"w":0.7534617185592651},"size":0.9631072878837586,"orthographic":false}