{"cameraMode":{"drawMode":0,"name":"Shaded","section":"Shading Mode"},"sceneLighting":false,"audioPlay":false,"sceneViewState":{"showFog":true,"showMaterialUpdate":false,"showSkybox":false,"showFlares":true,"showImageEffects":true,"showParticleSystems":true},"in2DMode":false,"pivot":{"x":-10.449999809265137,"y":1.070000410079956,"z":0.0},"rotation":{"x":-0.3262292742729187,"y":-0.41274091601371767,"z":0.16100230813026429,"w":-0.8351389169692993},"size":14.757074356079102,"orthographic":false}