{"cameraMode":{"drawMode":0,"name":"Shaded","section":"Shading Mode"},"sceneLighting":true,"audioPlay":false,"sceneViewState":{"showFog":true,"showMaterialUpdate":false,"showSkybox":false,"showFlares":true,"showImageEffects":true,"showParticleSystems":true},"in2DMode":false,"pivot":{"x":-1.0352063179016114,"y":-25.32435417175293,"z":73.24064636230469},"rotation":{"x":0.32843223214149477,"y":-0.030567539855837823,"z":0.010879204608500004,"w":0.9440428614616394},"size":39.33029556274414,"orthographic":false}