{"cameraMode":{"drawMode":0,"name":"Shaded","section":"Shading Mode"},"sceneLighting":false,"audioPlay":false,"sceneViewState":{"showFog":true,"showMaterialUpdate":false,"showSkybox":false,"showFlares":true,"showImageEffects":true,"showParticleSystems":true},"in2DMode":false,"pivot":{"x":-5.436801910400391,"y":13.997718811035157,"z":-27.56509017944336},"rotation":{"x":-0.2565257251262665,"y":-0.7190192937850952,"z":0.33301985263824465,"w":-0.5536072850227356},"size":38.616363525390628,"orthographic":false}