{"cameraMode":{"drawMode":0,"name":"Shaded","section":"Shading Mode"},"sceneLighting":false,"audioPlay":false,"sceneViewState":{"showFog":true,"showMaterialUpdate":false,"showSkybox":false,"showFlares":true,"showImageEffects":true,"showParticleSystems":true},"in2DMode":false,"pivot":{"x":0.26510775089263918,"y":0.1858833134174347,"z":0.46945446729660036},"rotation":{"x":0.06589239835739136,"y":0.6381104588508606,"z":-0.05481281876564026,"w":0.7652795314788818},"size":0.9234570860862732,"orthographic":false}